Status,Date,Description,Debit,Credit,Member Name
Cleared,01/05/2026,"WHOLEFDS MKT 10123",84.31,,JANE Q PUBLIC
Cleared,01/07/2026,"SHELL OIL 57444444444",42.10,,JANE Q PUBLIC
Cleared,01/09/2026,"NETFLIX.COM",17.99,,JANE Q PUBLIC
Cleared,01/12/2026,"ACME INC PAYROLL",,4231.00,JANE Q PUBLIC
Cleared,01/15/2026,"TRADER JOES #482 PORTLAND OR",63.55,,JANE Q PUBLIC
Cleared,01/19/2026,"AMAZON MKTPL*RT4G82KL1",24.99,,JANE Q PUBLIC
Cleared,01/23/2026,"CITY WATER BILL PAYMENT",111.11,,JANE Q PUBLIC
Cleared,02/02/2026,"PAYMENT - THANK YOU",,500.00,JANE Q PUBLIC
Pending,02/04/2026,"SHELL OIL 57444444444",45.10,,JANE Q PUBLIC
