Date,Description,Amount,Extended Details,Appears On Your Statement As,Address,City/State,Zip Code,Country,Reference,Category
01/05/2026,"WHOLEFDS MKT 10123",84.31,"XXXXX8000
WHOLEFDS MKT 10123
RETAIL","WHOLEFDS MKT 10123","1912 PIKE PL","PORTLAND
OR","97209","UNITED STATES","320252135162001140","Merchandise-Retail"
01/07/2026,"SHELL OIL 57444444444",42.10,"XXXXX8000
SHELL OIL 57444444444
RETAIL","SHELL OIL 574444444","1912 PIKE PL","PORTLAND
OR","97209","UNITED STATES","320252135162001141","Merchandise-Retail"
01/09/2026,"NETFLIX.COM",17.99,"XXXXX8000
NETFLIX.COM
RETAIL","NETFLIX.COM","1912 PIKE PL","PORTLAND
OR","97209","UNITED STATES","320252135162001142","Merchandise-Retail"
01/12/2026,"ACME INC PAYROLL",-4231.00,"XXXXX8000
ACME INC PAYROLL
RETAIL","ACME INC PAYROLL","1912 PIKE PL","PORTLAND
OR","97209","UNITED STATES","320252135162001143","Merchandise-Retail"
01/15/2026,"TRADER JOES #482 PORTLAND OR",63.55,"XXXXX8000
TRADER JOES #482 PORTLAND OR
RETAIL","TRADER JOES #482 PO","1912 PIKE PL","PORTLAND
OR","97209","UNITED STATES","320252135162001144","Merchandise-Retail"
01/19/2026,"AMAZON MKTPL*RT4G82KL1",24.99,"XXXXX8000
AMAZON MKTPL*RT4G82KL1
RETAIL","AMAZON MKTPL*RT4G82","1912 PIKE PL","PORTLAND
OR","97209","UNITED STATES","320252135162001145","Merchandise-Retail"
01/23/2026,"CITY WATER BILL PAYMENT",111.11,"XXXXX8000
CITY WATER BILL PAYMENT
RETAIL","CITY WATER BILL PAY","1912 PIKE PL","PORTLAND
OR","97209","UNITED STATES","320252135162001146","Merchandise-Retail"
02/02/2026,"PAYMENT - THANK YOU",-500.00,"XXXXX8000
PAYMENT - THANK YOU
RETAIL","PAYMENT - THANK YOU","1912 PIKE PL","PORTLAND
OR","97209","UNITED STATES","320252135162001147","Merchandise-Retail"
